Comment,Designator,Footprint,LCSC Part #
CR2032 Keystone 3034TR,BT1,BatteryHolder_Keystone_3034_1x20mm,C5213768
100n CC0603KRX7R9BB104,"C1,C3",C_0603_1608Metric,C14663
10u CL10A106KP8NNNC,C2,C_0603_1608Metric,C19702
yellow-green 575nm NCD0603C3,D1,LED_0603_1608Metric,C89809
yellow 590nm KT-0603Y,D2,LED_0603_1608Metric,C2287
orange 605nm KT-0603O,D3,LED_0603_1608Metric,C111340
red 625nm KT-0603R,D4,LED_0603_1608Metric,C2286
IM69D130 IM69D130V01XTSA1,MK1,Infineon_PG-LLGA-5-1,C536262
220,R4,R_0603_1608Metric,C22962
470,"R5,R6,R7",R_0603_1608Metric,C23179
measure TS-1187A-B-A-B,SW1,SW_Push_1P1T_XKB_TS-1187A,C318884
CH32V003F4P6 CH32V003F4P6,U1,TSSOP-20_4.4x6.5mm_P0.65mm,C5187096
